post_url,caption,likes,commenters,hashtags,image_url
https://www.instagram.com/virat.kohli/reel/DGNBrUFtrmG/,Open your NR account in just 4 hours with HSBC‚Äôs NRI services and transfer money fee free* with your HSBC India Mobile Banking app. To open your NRI Account with HSBC click here‚Äì https://grp.hsbc/vk_nr *T&C Apply. Visit www.hsbc.co.in for more details.,732621,"['virat.kohli', 'kaushal.7169', 'izaan_ahmed_7997', 'ankit_parjapat_2.0', 'mdsboy.111', 'total._cricket', 'rk_king_bihari1', 'thakor_vishal_s_789', 'thakor_vishal_s_789', 'akram17_18']","['#OpeningUpAWorldOfOpportunity', '#HSBCNRIServices', '#HSBCIndia']",https://instagram.fsxr1-1.fna.fbcdn.net/v/t51.2885-19/449421979_844663760918405_292851382204978226_n.jpg?stp=dst-jpg_s150x150_tt6&_nc_ht=instagram.fsxr1-1.fna.fbcdn.net&_nc_cat=1&_nc_oc=Q6cZ2AGzY__ENxqgNLGfoQFqbcg7qAa62TxM43Ti0yJ6rNLMa6oU-UIJqzaJ0xIU7SSACGuSi3_mwHnFZ6zk5w7BXRt7&_nc_ohc=hcR2nSaXLBUQ7kNvgHgQEKv&_nc_gid=d7ce218ee6e0467ab09331f13f16df9e&edm=ANTKIIoBAAAA&ccb=7-5&oh=00_AYA1Wy3kurpxi9WJv7isEFgXrwYM8OtdO-ss0Hqy_vejhw&oe=67C506CE&_nc_sid=d885a2
https://www.instagram.com/virat.kohli/reel/DGH46HlNs3P/,"Super proud to announce that O‚Äôcean Energy Drink Sustainable Edition bagged the ‚ÄòBest Brand Extension‚Äô award at the Global Water Congress 2024. üåç‚ôªÔ∏è This fully recyclable can, created in partnership with @ballcorporation , is a reassuring nod to O‚Äôcean Beverages‚Äô commitment to ecologically conscious production methods and a more sustainable future. @oceanbeverages To celebrate this win, we‚Äôre giving you the energy drink at 50% off for a limited time only. Order yours today on oceanbeverages.in.",755775,"['virat.kohli', 'crazy_boys_1004', 'philosopher143k', 'kingkhan7869251', 'hirajaji11', 'hirajaji11', 'hirajaji11', 'hirajaji11', 'anisa_khan_g', 'hirajaji11']","['#RecyclesForever', '#EnergyDrink', '#oceanbeverages', '#sustainable', '#ocean', '#plantbased', '#SustainableLiving', '#OceanEnergyDrink']",https://instagram.fsxr1-1.fna.fbcdn.net/v/t51.2885-19/451349093_1175028317121128_4870123857349345026_n.jpg?stp=dst-jpg_s150x150_tt6&_nc_ht=instagram.fsxr1-1.fna.fbcdn.net&_nc_cat=1&_nc_oc=Q6cZ2AGF2_kU4ZBq7rs3iO6to2P1fq2T7cSildVzmDBpEdUeC-hhohvjeiuYmhxhzReW1Zu9R9LNBNSo0Tf9S4m7VTC6&_nc_ohc=8ppiKq-autsQ7kNvgGyaQ3B&_nc_gid=213dc501dba24edabb8f86f1923e9271&edm=ANTKIIoBAAAA&ccb=7-5&oh=00_AYBxrC8xXFPd8l26Ylk1pYE-ZKwQBS0cdurQ7pWGyYf8cw&oe=67C4FEF2&_nc_sid=d885a2
https://www.instagram.com/virat.kohli/reel/DGDXqJ-xrz2/,"Proud of my team, @team_bluerising, for an outstanding start to @e1series Season 2‚Äîwinning the first final heat and securing third in the second. A solid performance in the world‚Äôs first all-electric raceboat championship. After a podium finish at the we are driven to keep the momentum going for the rest of the season. Up next: Race 02 E1 DOHA GP 21-22 February Let‚Äôs get another podium finish @saramisir @guedo.499!",693423,"['team_bluerising', 'o.sanjeet.tu', 'disha_202_', 'kingkhan7869251', 'viratkohliquote', '_sai_rell_07', 'aastha__raghav22', 't.mrahulgowda', 'imranpat84', 'chhotu_prajapti_18']","['#PAIDPARTNERSHIP', '#JeddahGP', '#OceanRacing', '#TEAMOWNER', '#TeamBlueRising', '#Season2']",https://instagram.fsxr1-1.fna.fbcdn.net/v/t51.2885-19/284955921_2971076516486628_867273344400345215_n.jpg?stp=dst-jpg_s150x150_tt6&_nc_ht=instagram.fsxr1-1.fna.fbcdn.net&_nc_cat=1&_nc_oc=Q6cZ2AFABPFqmMmIdzD7Bikh4x-13K7eXXpMw_G2Zgd5c7doMBKoW7M0vZ91Mt7ZsdozMh8yoD-ksuGHVCYgFG7WIE3t&_nc_ohc=qdGVS5izVTcQ7kNvgFREWJo&_nc_gid=06b6b887536b45669d50d5354ed106b1&edm=ANTKIIoBAAAA&ccb=7-5&oh=00_AYDJyPONbOnDonnBHLcgsrHDcuxJ16wtWds36mKvmi82CQ&oe=67C50B26&_nc_sid=d885a2
https://www.instagram.com/virat.kohli/reel/DGAoD4lNFha/,"Jab crunchy snacking ka mood ho, toh le aao no palm oil wala Too Yumm! Karare Munchy Masala. üòã Get yours now at your nearest stores or on leading e-commerce platforms! üõí",462050,"['virat.kohli', 'kohli____fans__18', 'kohli____fans__18', 'kohli____fans__18', 'kohli____fans__18', 'kohli____fans__18', 'kohli____fans__18', 'kohli____fans__18', 'kingkhan7869251', 'viratkohliquote']","['#TooYumm', '#BakedNotFried', '#Masaledaar', '#GreatTaste', '#TooYummKarare', '#TooNahiTohKuchNahi', '#NoPalmOil']",https://instagram.fsxr1-1.fna.fbcdn.net/v/t51.2885-19/279385231_684086516148899_3406280973622287804_n.jpg?stp=dst-jpg_s150x150_tt6&_nc_ht=instagram.fsxr1-1.fna.fbcdn.net&_nc_cat=1&_nc_oc=Q6cZ2AG6Di9lf1xBrx_qP2P7cFB1T1z5G_BAH_f3x_jU4KJOzaYHqjyd2rjx4x0h2YMxj4uyY3NTiTZc9LgYG8XC4his&_nc_ohc=hARmqmZt40kQ7kNvgEket_3&_nc_gid=8e4f02c21d814d619af3347cb881eeae&edm=ANTKIIoBAAAA&ccb=7-5&oh=00_AYAwaRRchjFWGaAamSyK0fSeuydgBglwXnhdnWBjAH_nWw&oe=67C4E3BF&_nc_sid=d885a2
https://www.instagram.com/virat.kohli/reel/DF7AWzNtdLi/,"I am ready for an exclusive travel experience with my HSBC TravelOne Credit Card. Are you? Earn up to 2X reward points* on international spends, unlock attractive welcome benefits and get international & domestic lounge access - only with the HSBC TravelOne Credit Card. Get your card now! Apply now - https://grp.hsbc/vk_t1 For persons in India. Terms and Conditions Apply.",510215,"['virat.kohli', 'kingkhan7869251', 'm_a_h_i_m_321', 'm_a_h_i_m_321', 'm_a_h_i_m_321', 'itz_zala_priyanka', 'insti_star', 'mroshan3886', 'royal_kalpuu_0909']","['#HSBCCreditCard', '#HSBC', '#TravelInStyle', '#CreditCardPerks', '#BankSmartWithHSBC', '#OpeningUpAWorldOfOpportunity', '#HSBCTravelOneCreditCard', '#PackYourPerks', '#TravelWithVirat']",https://instagram.fsxr1-1.fna.fbcdn.net/v/t51.2885-19/449421979_844663760918405_292851382204978226_n.jpg?stp=dst-jpg_s150x150_tt6&_nc_ht=instagram.fsxr1-1.fna.fbcdn.net&_nc_cat=1&_nc_oc=Q6cZ2AHUGo7__iQutaWkwRXTxxCTd6nDZWiIUIW6fD8VUdEa9JwT8u1ruCtqHLKoZA4jVvtqlafUjhJVgxR5zwUlmfoG&_nc_ohc=hcR2nSaXLBUQ7kNvgHgQEKv&_nc_gid=7f167d9f8be047488163be9e8a5258ca&edm=ANTKIIoBAAAA&ccb=7-5&oh=00_AYBUnSESfcCT9bnNBW5NY9z_YDdwJy_XHeXgfAKp7MuTwg&oe=67C506CE&_nc_sid=d885a2
https://www.instagram.com/virat.kohli/p/DF5To7sNbpH/,"Do you know O‚Äôcean has so many amazing fruit flavours to choose from? Do you also know you can now scan the QR code on the bottle to get your hands on super cool prizes? What you waiting for? Quick, pick your flavour to hydrate, scan and win. @oceanbeverages Available at your nearest stores, leading e-commerce platforms, and on www.oceanbeverages.in.üõí @oceanbeverages",855244,"['oceanbeverages', 'virat.kohli', 'kingkhan7869251', 'nitishk1820', 'amritkumar3813', 'sarib.saad', 'golu________rao', 'riya0_369', 'hm__johan__01', 'spykarakhil']","['#SupremeHydration', '#BB', '#OceanBeverages', '#NaturalFlavours', '#FruitWater', '#ad', '#Win', '#Ocean', '#OceanFruitWater', '#Hydration', '#OceanDrinks']",https://instagram.fsxr1-1.fna.fbcdn.net/v/t51.2885-15/477024043_18490973452064508_9208967283624483379_n.jpg?stp=dst-jpg_e15_fr_p1080x1080_tt6&_nc_ht=instagram.fsxr1-1.fna.fbcdn.net&_nc_cat=1&_nc_oc=Q6cZ2AFXtVyXXcpywPbatcWJ24ybIaV-dfwESBoorXCkM4gd9jVrGLnQzS9PwkihodTepUampLRDWqOWqGRPUJ0y115E&_nc_ohc=zvDVdFhNHYAQ7kNvgErogzK&_nc_gid=56251c3e34cf43a1960a56fa99e99809&edm=ANTKIIoBAAAA&ccb=7-5&oh=00_AYD78NYkUZbfdy71YAWBwaieQaLAcDDOt1iuuX1-3z78Tg&oe=67C4EDA4&_nc_sid=d885a2
https://www.instagram.com/virat.kohli/p/DFzwax2tALD/,"Too Yumm! Karare ‚Äî har crunch mein masaledaar punch! üëä Baked, not fried, with zero palm oil and 100% great taste‚Äîso you can snack without a second thought! üôå Get yours now at your nearest stores or on leading e-commerce platforms! üõí",623221,"['virat.kohli', 'its__yadav__ji__143____', 'luxurykulture', 'aadil.yatoo.50', 'im.sam.khan.008', 'hm__johan__01', 'mukherjee_99770', 'sunilnagarwal8572', 'rahul_.xo03', 'akash_c25']","['#TooYumm', '#BakedNotFried', '#Masaledaar', '#GreatTaste', '#TooYummKarare', '#TooNahiTohKuchNahi', '#NoPalmOil']",https://instagram.fsxr1-1.fna.fbcdn.net/v/t51.2885-15/476902327_18490602259064508_6127789963540810705_n.jpg?stp=dst-jpg_e35_p1080x1080_sh0.08_tt6&_nc_ht=instagram.fsxr1-1.fna.fbcdn.net&_nc_cat=1&_nc_oc=Q6cZ2AGo7-vgUk5_T9HmMqRJdXsBB5Wd7nMi6tBXtscxUg1zSaSdJmw5CL6NPcbYvbCNLxKfJhAPHBSHYmPjq3G0f5Nw&_nc_ohc=cwLWbCGHlsQQ7kNvgG-ZWFX&_nc_gid=7193782c6ff5439c871bfbfab9aa20d5&edm=ANTKIIoBAAAA&ccb=7-5&oh=00_AYAypdIH9FYrxvgGKb9613TV0CQTWCxDzAM8XNpv6O0bvw&oe=67C4DF01&_nc_sid=d885a2
https://www.instagram.com/virat.kohli/p/DFpgUj3tNIq/,"When Too Yumm! Multigrain Chips and Veggie Stix are baked, not fried, why feel guilty? üòã With no palm oil & masaledaar flavour, it‚Äôs the ultimate snack to munch on! üî• Grab yours now at your nearest stores and leading e-commerce platforms‚Äîbecause good vibes (and snacks) shouldn‚Äôt wait! üöÄ",546350,"['virat.kohli', 'poo_jarawat_02', 'kingkhan7869251', 'sk.art.2.1', 'aadil.yatoo.50', 'mukherjee_99770', 'chandankumarlal5', 'itz____sonu__99', 'niti.ndalak']","['#TooYumm', '#Masaledaar', '#Crunchy', '#TooYummVeggieStix', '#TooNahiTohKuchNahi', '#MultigrainChips', '#NoPalmOil', '#TooYummMultigrainChips', '#VeggieStix']",https://instagram.fsxr1-1.fna.fbcdn.net/v/t51.2885-15/476442725_18489947422064508_8096140122879297819_n.jpg?stp=dst-jpg_e35_p1080x1080_sh0.08_tt6&_nc_ht=instagram.fsxr1-1.fna.fbcdn.net&_nc_cat=1&_nc_oc=Q6cZ2AGgzD5Z_KiZr65gSuZDv3sYG1QIXvVZlf4GilYwepzbIJFeFTPfSSAo6-qDU9nHK2IP_jU_Agt_9JJ3LuWuDGiV&_nc_ohc=1rgIha0_I3cQ7kNvgG1nGB3&_nc_gid=49d2e261844c4b7fbaaeee3d5516a33d&edm=ANTKIIoBAAAA&ccb=7-5&oh=00_AYAkdBHomCSsu-lgg0NdJ5lVjScWOuRXp8HANbYj-Zp_wg&oe=67C4FF33&_nc_sid=d885a2
https://www.instagram.com/virat.kohli/reel/DFm4rLit3qr/,"Grab O‚Äôcean‚Äôs new Green Apple flavour‚Äîsmall in size, big on taste and Vitamin C! Scan the QR code on the label and you could have a chance to win some exclusive O‚Äôcean merch and other amazing prizes. Go and order now!üçè @oceanbeverages Available at your nearest stores, leading e-commerce platforms, and on www.oceanbeverages.in.üõí",671444,"['virat.kohli', 'poo_jarawat_02', 'dustu_cala_143', 'mousumisardar995', 'prince_tiwari_0112553', 'abut_alib_18', 'bapi.neon', 'dc.clothes01', 'itz____sonu__99', 'niti.ndalak']","['#OceanBeverages', '#NaturalFlavours', '#SuperHydration', '#FruitWater', '#NewFlavour', '#Ocean', '#GreenApple', '#ad', '#OceanFruitWater', '#Hydration', '#OceanDrinks']",https://instagram.fsxr1-1.fna.fbcdn.net/v/t51.2885-19/451349093_1175028317121128_4870123857349345026_n.jpg?stp=dst-jpg_s150x150_tt6&_nc_ht=instagram.fsxr1-1.fna.fbcdn.net&_nc_cat=1&_nc_oc=Q6cZ2AEzD8gjQVtGMFj88sD9Cik7jfenY53pJ3PjMM-oJ-kMYAxSIJmGAXBCvLKWxqw7FZSNxWhf1qKfqDb-6NMVgIvq&_nc_ohc=8ppiKq-autsQ7kNvgGyaQ3B&_nc_gid=d842ab9466cd45d28db038ab984a2f56&edm=ANTKIIoBAAAA&ccb=7-5&oh=00_AYCFFwS2IkEfqZsEmdOFwmA0DSShUr_0hcVZQaJGpWjVcw&oe=67C4FEF2&_nc_sid=d885a2
https://www.instagram.com/virat.kohli/reel/DFW8Xz7tGXa/,"Did you know your body gets just as dehydrated in winter as it does in summer? Which is why you need vitamin C and electrolyte packed O‚Äôcean Fruit Water. Amazing fruity flavours. Now with amazing prizes too. Available at your nearest stores, leading e-commerce platforms, and on www.oceanbeverages.in.üõí @oceanbeverages",786866,"['virat.kohli', 'poo_jarawat_02', 'its_vivek__rao_1432', 'vaibhav_king__307', 'dustu_cala_143', 'kirandubey957', 'abut_alib_18', 'prince._umar', 'bishesar_nishad_4524']","['#SupremeHydration', '#OceanBeverages', '#NaturalFlavours', '#FruitWater', '#ad', '#Win', '#Ocean', '#OceanFruitWater', '#Hydration', '#OceanDrinks']",https://instagram.fsxr1-1.fna.fbcdn.net/v/t51.2885-15/475276014_18488819614064508_2062239343977435149_n.jpg?stp=dst-jpg_e15_fr_p1080x1080_tt6&_nc_ht=instagram.fsxr1-1.fna.fbcdn.net&_nc_cat=1&_nc_oc=Q6cZ2AH4Iww5wTwfMb1tYJrbwbfRs1jcoPJZ-KWxVrO0OCaT8L-OsruHgTp1GbfTcK2xhZDBZt2ORU1Vc3tpH6xevMCO&_nc_ohc=d6YAKDvPY34Q7kNvgHFCyhu&_nc_gid=d18828fde83d497d9bc5e6025302fb5b&edm=ANTKIIoBAAAA&ccb=7-5&oh=00_AYBviAp4bR9i26sc0OrlXjkT3B1gXEigd0A-seAePacw4g&oe=67C4D6D7&_nc_sid=d885a2
https://www.instagram.com/virat.kohli/reel/DFC_7kANh2C/,"My favourite O‚Äôcean Fruit Water now comes with exciting giveaways. Drink O‚Äôcean Fruit Water, scan the QR code and see what cool stuff you get. . Available at your nearest stores, leading e-commerce platforms, and on www.oceanbeverages.in. üõí @oceanbeverages",733537,"['virat.kohli', 'tvk__party', 'roshankohli5015', 'upsc_ias_drieam', 'gaurav_prajaprjari_000', 'itz____sonu__99', 'riya_love_sharan_050', 'mr__pawan___banjara_18']","['#SupremeHydration', '#OceanBeverages', '#NaturalFlavours', '#FruitWater', '#ad', '#Win', '#Ocean', '#OceanFruitWater', '#Hydration', '#OceanDrinks']",https://instagram.fsxr1-1.fna.fbcdn.net/v/t51.2885-15/474493823_18487594039064508_5363192587393842848_n.jpg?stp=dst-jpg_e15_fr_p1080x1080_tt6&_nc_ht=instagram.fsxr1-1.fna.fbcdn.net&_nc_cat=1&_nc_oc=Q6cZ2AE9fmmSfzFKJokeSsOe5XqcvGW3dhnfyLPsVCSP-wekKwqOUF3vHdJ84Fxd0cBDAQbHeKCK7wdSWorE20e6NM9Q&_nc_ohc=I2WTA1FSALkQ7kNvgEN_zft&_nc_gid=8c58b3b732914884bd9db57487a0074e&edm=ANTKIIoBAAAA&ccb=7-5&oh=00_AYBaCyV4wZLvcHAxiOUpvPxda4T1U1gJUAs1MKlV2oob6A&oe=67C4FEB6&_nc_sid=d885a2
https://www.instagram.com/virat.kohli/reel/DEuUHqrNfkD/,Your phones and laptops have super chargers these days. But here‚Äôs the best way to get super charged up yourself. O‚Äôcean Energy Drink is a burst of plant-based energy to help you zip through your day. Grab an infinitely recyclable O‚Äôcean Energy Drink can by Ball and power up with plant-based energy! Now at 50% off for a limited time‚Äîonly at www.oceanbeverages.in. Don‚Äôt miss out! @oceanbeverages @ballcorporation . .,1084025,"['virat.kohli', 'xtylish_usman_x7', 'desi_life908k', 'hussian2586', 'ratans_click_nanded', 'vedant.lohar.777', 'vedant.lohar.777', 'vedant.lohar.777', 'yashwant18_', 'yukti_x_soul']","['#RecyclesForever', '#EnergyDrink', '#oceanbeverages', '#sustainable', '#plantbased', '#SustainableLiving']",https://instagram.fsxr1-1.fna.fbcdn.net/v/t51.2885-15/473611207_18486294949064508_4125019315043520573_n.jpg?stp=dst-jpg_e15_tt6&_nc_ht=instagram.fsxr1-1.fna.fbcdn.net&_nc_cat=1&_nc_oc=Q6cZ2AGctdT00TJNpjty0b7VfAhc1xenOFbOAxtiBHePTP6OQ_EQV4p-a9tba6yHoXpqxDU9bF_4TnKsfeOkAyitj6q5&_nc_ohc=hoZK9dj6MHQQ7kNvgGWWse8&_nc_gid=d610626d2c464c1e99fa31884b5be3e3&edm=ANTKIIoBAAAA&ccb=7-5&oh=00_AYAi2eKsXB8ZtH6bTFFRPGV45KHFNUbDPUdgOTu41Z9eWg&oe=67C4EAA1&_nc_sid=d885a2
https://www.instagram.com/virat.kohli/reel/DD3xn2hNLPZ/,"‚ÄòTis the season to be super excited because O‚Äôcean Fruit Water is back with its Hydrate, Scan, Win promo. Simply scan the QR code on the bottle and you could win loads of fun prizes including smart phones to add to your year-end celebrations. Keep partying. Stay hydrated. And win. Win. Win. Get yours from www.oceanbeverages.in Also available at your nearest stores and leading e-commerce platforms.üõí @oceanbeverages",1159421,"['virat.kohli', 'akashdhibar1234', '_shivani79522', 'dk_905895', 'indian__2007_', 'indian__2007_', 'amanhero980', '3527_gopal', 'mr___rupsa___7773']","['#SupremeHydration', '#OceanBeverages', '#NaturalFlavours', '#FruitWater', '#ad', '#Win', '#Ocean', '#OceanFruitWater', '#Hydration', '#OceanDrinks']",https://instagram.fsxr1-1.fna.fbcdn.net/v/t51.2885-15/470942977_18482391967064508_3163914104346261972_n.jpg?stp=dst-jpg_e35_p1080x1080_sh0.08_tt6&_nc_ht=instagram.fsxr1-1.fna.fbcdn.net&_nc_cat=1&_nc_oc=Q6cZ2AGuQFi8S9R3JZDWN6WqndTvywFvKJF092g0nyhsxtGnOzYkXJjbaSqv2JxW6V99obAXWoJ6ijNJSZV-AoIxqPX1&_nc_ohc=2vxu4wx8FKsQ7kNvgGstR2Y&_nc_gid=b4d9b6d3d50b44c1a31583dda6ce998a&edm=ANTKIIoBAAAA&ccb=7-5&oh=00_AYBtbWFeYyAyprubg0SD_XZTRNxb5LGjysRbR2ai_kzoSg&oe=67C4F215&_nc_sid=d885a2
https://www.instagram.com/virat.kohli/reel/DD1vqVetE50/,"I‚Äôm beyond excited to announce the opening of our 11th one8 Commune, right here in the Heart of India! With a culture that thrives on hospitality, Indore perfectly embodies the spirit of togetherness, just like one8 Commune. The wait is over! Step in and join the spirit of communing, let‚Äôs end the year on a high note, together! üìçone8 Commune, Indore High Street Apollo Make your reservations now!",1874092,"['virat.kohli', 'lucky__boy__sonai_986', 'anas_pathaan__0786', 'anas_pathaan__0786', 'anas_pathaan__0786', 'anas_pathaan__0786', 'siamahmed1010', 'gopal_kashyap_up76', 'gopal_kashyap_up76', 'kashyap54601']",['#INDOREKOHLING'],https://instagram.fsxr1-1.fna.fbcdn.net/v/t51.2885-19/291838397_149996727621570_621798346710453785_n.jpg?stp=dst-jpg_s150x150_tt6&_nc_ht=instagram.fsxr1-1.fna.fbcdn.net&_nc_cat=106&_nc_oc=Q6cZ2AERQ3NgOrVG86XJfIPcDMENSlppV4SWjRvl2cL5ppsWsifN4Drh0bzwtnqHCZszJOVsoG1W-S08vpe-_u2RSmNC&_nc_ohc=TFgw9WhJpHQQ7kNvgH61M-f&_nc_gid=b40ab56f4fea435f9f09ecd9dcbbb4a9&edm=ANTKIIoBAAAA&ccb=7-5&oh=00_AYBzOAribDlmoy9FAitSvYPX8Q0TpEPivUEZ_-kPPbYYmg&oe=67C4DB4C&_nc_sid=d885a2
https://www.instagram.com/virat.kohli/reel/DC_Eri6ti2-/,"Craving something delicious? Try @bluetribeofficial Plant-Based Chicken Nuggets! - 50% more protein üí™ - Zero preservatives üåø It‚Äôs the smarter, tastier choice for you and the planet. Order today and take a step towards a healthier future for you and the planet",1050814,"['virat.kohli', 'jalendrayadav.00', 'spykarakhil', 'gopal_kashyap_up76', 'official___amol_jadhav', 'kumr.pooja', 'indian__2007_']","['#PlantBasedNuggets', '#BlueTribeFoods', '#PlanetFriendlyTribe']",https://instagram.fsxr1-2.fna.fbcdn.net/v/t51.2885-19/221332849_572401570808613_5000748386532793310_n.jpg?stp=dst-jpg_s150x150_tt6&_nc_ht=instagram.fsxr1-2.fna.fbcdn.net&_nc_cat=109&_nc_oc=Q6cZ2AEc_YMXiyKSW2ObWpYF4ZL-x43eAXh94xFU571gsWe4N6P5jMFCgOD1xGaNqu6Jeguo9dMc2vcms-lWZBRI6I71&_nc_ohc=F6GP99LRQSUQ7kNvgGH_-Yc&_nc_gid=21e49beb451445af926704a29929b923&edm=ANTKIIoBAAAA&ccb=7-5&oh=00_AYC1SP3YUNaG__6B349ggZOYPpTZNwg83sMFDga_B_9bIA&oe=67C4E636&_nc_sid=d885a2
https://www.instagram.com/virat.kohli/reel/DC50WrXNuIq/,"You don‚Äôt just play the game, you fight it. Ready to go wild? ‚öîÔ∏èüõ°Ô∏èüëÄ",3600605,"['virat.kohli', 'yashisingh8272', 'abhirajmishra1001', 'spykarakhil', 'rahulkumarsaidbhar']",['#UnleashYourWildSide'],https://instagram.fsxr1-1.fna.fbcdn.net/v/t51.2885-19/331017149_3373809859551320_1963035851400324431_n.jpg?stp=dst-jpg_s150x150_tt6&_nc_ht=instagram.fsxr1-1.fna.fbcdn.net&_nc_cat=1&_nc_oc=Q6cZ2AGvJK8gxuULAmEfAwJkDlht13z9KIe7MPMpuSzhev1PsM03ZWUMuM3O_8loZFgN4pxPHUbCB7H-XuG6ZKcXcBYH&_nc_ohc=a5-NncXM9g4Q7kNvgEV2LqX&_nc_gid=3ca22739fbce42779285246bddc2c8ea&edm=APU89FABAAAA&ccb=7-5&oh=00_AYAcN3_34L4ZYKJFx7GBnbgW2tWvxqXVzBDro48fhOoBag&oe=67C4E656&_nc_sid=bc0c2c
https://www.instagram.com/virat.kohli/reel/DCg0sZwtNgv/,"Nothing like O‚Äôcean Fruit Water to hydrate your body, especially in this country‚Äôs tropical weather. Sunrise to sundown, it‚Äôs the perfect drink for me. Hope it‚Äôs yours too! P.S. Did you know? O‚Äôcean Fruit Water is packed with B Vitamins and Electrolytes to keep you super hydrated! @oceanbeverages Get yours from www.oceanbeverages.in",1160207,"['virat.kohli', 'indian__2007_', 'gani_63737', 'theweirdandwonderful26', 'kamrujahul', 'pankajpankaj6839', 'pankajpankaj6839']","['#OceanBeverages', '#FruitWater', '#DrinkOcean', '#Ocean', '#SuperiorHydration', '#Hydration', '#OceanDrinks', '#OceanFruitWater']",https://instagram.fsxr1-1.fna.fbcdn.net/v/t51.2885-19/451349093_1175028317121128_4870123857349345026_n.jpg?stp=dst-jpg_s150x150_tt6&_nc_ht=instagram.fsxr1-1.fna.fbcdn.net&_nc_cat=1&_nc_oc=Q6cZ2AFJ5HL7EYVe6sEotTUdQ9VaUL_xBf28zcbDNAUJ7OKKKm-SaxV6CVAUYev2gXVumeOa0JzlnF1KSfyDD4ZJgSDY&_nc_ohc=8ppiKq-autsQ7kNvgGyaQ3B&_nc_gid=dc3f70caa0774101986e204fb992c778&edm=ANTKIIoBAAAA&ccb=7-5&oh=00_AYCbBKJwW1MoHvjRChHPyoCoaQ8v2ApFZ1UG-mN9nDNOow&oe=67C4FEF2&_nc_sid=d885a2
https://www.instagram.com/virat.kohli/p/DCEi-cGtXAw/,ü§ù @sporting.beyond,4327405,"['virat.kohli', '_ds_randhawa', 'adan_king_007', 'mianzahidshafiq', '_ayush_0093', 'its_hitu__goswami', 'jackedsalik_']",['#sportingbeyond'],https://instagram.fsxr1-1.fna.fbcdn.net/v/t51.2885-15/465517057_18474400138064508_4258853295448891551_n.jpg?stp=dst-jpg_e15_fr_s1080x1080_tt6&_nc_ht=instagram.fsxr1-1.fna.fbcdn.net&_nc_cat=1&_nc_oc=Q6cZ2AFY1W0seRYVNEpgNrmpDcrurvquSA-8OjnyZKBUoG9xcWFrsuVkEnPhrb8uh-_9GDHaKoAhbl1dvtll8Lg_WzZS&_nc_ohc=ZscaMjGzXVgQ7kNvgFy_bVS&_nc_gid=75521d9f9f244b9b9ca517f97cb8dba7&edm=ANTKIIoBAAAA&ccb=7-5&oh=00_AYAd0sqbM57gj1qIeaBSf6pVrAKfwb0RxeHlLRbdDjLsHw&oe=67C50ADF&_nc_sid=d885a2
https://www.instagram.com/virat.kohli/reel/DBag91tvhAb/,"Tired of constantly adjusting your glasses for seeing close and far? üëì Essilor Varilux Progressive Lens offers instant sharp focus from near to far, so you can see everything seamlessly.",1792276,"['virat.kohli', 'indian__2007_', '_hemant_kantiwal_sarpanch_', 'somnathyadav163', 'ruby019rajput', 'shahbaz_rawkey_boi']","['#Essilor', '#ProgressiveLens', '#Varilux']",https://instagram.fsxr1-1.fna.fbcdn.net/v/t51.2885-19/331017149_3373809859551320_1963035851400324431_n.jpg?stp=dst-jpg_s150x150_tt6&_nc_ht=instagram.fsxr1-1.fna.fbcdn.net&_nc_cat=1&_nc_oc=Q6cZ2AF58OprPZmWtvXxTHIMWCa8vSmFcQ9f6eZE9v1QqbSwW2RFb1RQJknBw7oMP_NtaPdp2eFrLmJHY2x9dFp9778z&_nc_ohc=a5-NncXM9g4Q7kNvgEV2LqX&_nc_gid=32c13c69075f403e9d682107bb96623c&edm=APU89FABAAAA&ccb=7-5&oh=00_AYAChbbuhaIjtAJq7UOwYCtjl8-3XUKPSusHhRkDAwvdmQ&oe=67C4E656&_nc_sid=bc0c2c
https://www.instagram.com/virat.kohli/p/DA5Eg6rPv-7/,"Big cat energy üêà‚Äç‚¨õ ‚Äã Shop my season faves, only at PUMA.com, App & Stores.",7281720,"['pumaindia', 'virat.kohli', 'itz_ramjan__47', 'zahra_blossom_11', '__abhi__yadav6076', 'saswat.ll', 'pawan_shergill', 'spykarakhil', 'king_vk_18k', 'mr_i_love_you_jaan_p']",['#PUMAxVirat'],https://instagram.fsxr1-1.fna.fbcdn.net/v/t39.30808-6/462667952_18468930085064508_1958428548896727598_n.jpg?stp=dst-jpg_e35_p1080x1080_sh0.08_tt6&_nc_ht=instagram.fsxr1-1.fna.fbcdn.net&_nc_cat=100&_nc_oc=Q6cZ2AHuN9LxwMdMBv3jCm_6DN8BRH0iMyBj_ITeWNKQ1pLHxTKi22jVUkUpMFoBQ0gskmYlGKvwcwLFhx1GUqZdPXvO&_nc_ohc=GnOHoXEKKGIQ7kNvgFqKRnk&_nc_gid=48315c822d734fe0970bc473a55986e3&edm=ANTKIIoAAAAA&ccb=7-5&oh=00_AYAVRzGe2q-zJCzB6soJ_55lIiM_C2LyHP48j64kcDqFFA&oe=67C50603&_nc_sid=d885a2
